SalePrice,LotArea,Bedroom,FullBath,GarageCars,YearBuilt,OverallQual,Neighborhood
189023,1501,3,2,2.0,1993.0,1,SawyerW
203305,1709,4,2,0.0,2024.0,2,SawyerW
192252,1308,2,3,2.0,2024.0,2,College
181246,877,4,3,1.0,2019.0,6,OldTown
228292,1182,5,2,0.0,,5,SawyerW
145735,806,6,2,0.0,1973.0,3,SawyerW
245489,1542,5,2,2.0,2024.0,4,SawyerW
255876,2438,3,1,0.0,1961.0,3,College
170934,1155,3,1,1.0,2019.0,1,Crawfor
185011,1066,6,1,1.0,2016.0,3,College
244344,1843,5,2,,1964.0,5,Crawfor
284564,1750,6,2,1.0,,6,OldTown
233296,1574,3,3,0.0,2024.0,5,SawyerW
155176,849,3,3,1.0,1929.0,2,Crawfor
236125,1480,5,2,1.0,2010.0,5,OldTown
250900,1987,3,2,3.0,1977.0,2,NAmes
129853,559,5,1,0.0,1978.0,1,College
179386,1180,2,1,1.0,1942.0,3,OldTown
96246,350,2,2,0.0,1998.0,3,College
125029,597,6,3,0.0,1954.0,1,SawyerW
143105,350,3,2,1.0,2006.0,4,College
256502,1335,3,2,3.0,1950.0,5,Crawfor
176378,613,3,2,1.0,2007.0,5,OldTown
201747,1690,2,1,0.0,1995.0,3,College
245861,1610,5,1,3.0,1927.0,3,College
218117,1369,6,2,,1974.0,4,College
121626,350,2,1,1.0,1981.0,3,College
222145,1123,4,2,,1917.0,6,OldTown
195128,1466,3,3,3.0,1973.0,3,OldTown
224324,1579,4,1,1.0,2008.0,3,College
157074,429,4,2,1.0,1962.0,4,SawyerW
186335,1166,5,2,1.0,2019.0,3,College
168659,815,2,2,,1950.0,6,SawyerW
178719,934,2,2,,1948.0,4,College
270091,2243,6,1,3.0,2001.0,1,College
169461,935,2,3,1.0,2003.0,4,OldTown
194420,1477,4,3,1.0,1979.0,3,OldTown
251368,2119,4,1,,1984.0,3,Crawfor
135828,1091,3,2,0.0,2013.0,2,College
147433,1422,2,3,0.0,1967.0,2,College
211193,1577,3,1,1.0,2024.0,4,OldTown
200890,1545,4,2,1.0,1997.0,3,NAmes
146447,642,2,2,,1996.0,4,SawyerW
228039,1553,5,1,,1992.0,5,SawyerW
286660,2451,6,3,,1975.0,3,NAmes
122641,417,4,2,1.0,2021.0,2,OldTown
262971,2102,5,1,1.0,1966.0,5,SawyerW
242920,1584,4,2,1.0,1989.0,6,OldTown
212644,1051,4,2,1.0,2004.0,5,SawyerW
290258,2900,2,1,1.0,2024.0,2,College
280609,2034,4,2,1.0,2019.0,5,SawyerW
156756,660,3,1,,1973.0,3,OldTown
134289,1552,3,2,1.0,2013.0,1,College
207081,1904,6,3,1.0,1982.0,1,SawyerW
217065,1368,5,2,0.0,1952.0,5,Crawfor
237036,1978,2,1,2.0,1953.0,3,College
231091,1453,6,2,2.0,1937.0,6,OldTown
260075,1967,4,2,1.0,,3,OldTown
244889,2507,4,1,0.0,2017.0,1,SawyerW
184327,1027,2,2,1.0,1953.0,5,NAmes
242586,1642,6,1,2.0,1975.0,4,OldTown
241615,1176,6,3,3.0,1950.0,6,College
254789,1589,5,2,3.0,1984.0,6,OldTown
139969,669,3,2,0.0,1948.0,2,Crawfor
163234,1094,4,2,1.0,1959.0,2,OldTown
204298,1363,3,2,2.0,1963.0,5,OldTown
238270,2129,3,1,,1969.0,3,NAmes
262294,2302,4,3,1.0,1972.0,3,Crawfor
120491,574,5,1,1.0,1977.0,2,NAmes
195173,944,5,2,1.0,,3,OldTown
211508,1953,3,2,0.0,,3,College
162027,350,6,2,2.0,1999.0,2,College
179264,1176,4,1,0.0,1932.0,2,NAmes
226376,1432,5,1,1.0,1987.0,6,NAmes
255076,2380,6,3,1.0,1954.0,1,OldTown
265532,1983,3,2,3.0,1987.0,3,College
198685,1271,6,2,1.0,1991.0,3,NAmes
201780,1242,2,2,,1923.0,5,College
194743,1325,3,2,1.0,1993.0,3,SawyerW
277625,2566,4,2,0.0,2022.0,1,Crawfor
182632,1200,5,2,1.0,2005.0,4,Crawfor
234967,1287,6,2,1.0,1994.0,5,NAmes
244661,1747,3,2,3.0,1919.0,4,SawyerW
183714,1415,2,1,2.0,1978.0,2,College
226159,1362,4,1,,,6,OldTown
151008,720,5,2,0.0,2014.0,3,OldTown
236037,1492,2,1,1.0,1973.0,5,SawyerW
220769,1189,3,3,1.0,,5,NAmes
230605,2316,3,2,1.0,1930.0,2,NAmes
258108,1957,4,1,3.0,2005.0,2,Crawfor
160460,1483,4,1,1.0,1966.0,1,College
251375,1968,4,1,0.0,1975.0,4,College
195820,1262,4,2,1.0,2015.0,3,OldTown
288882,2236,4,1,0.0,1985.0,5,College
231133,1496,3,3,0.0,1992.0,5,Crawfor
250427,1908,6,3,,2024.0,2,NAmes
163946,596,4,1,0.0,1966.0,5,College
235418,1743,4,1,1.0,1968.0,3,OldTown
117473,350,4,1,2.0,1997.0,1,NAmes
146545,350,3,1,1.0,2024.0,2,NAmes
214274,1287,4,2,2.0,1940.0,5,NAmes
174034,870,5,1,1.0,1976.0,2,College
213504,1615,4,1,0.0,1953.0,3,College
322859,3071,4,3,2.0,1942.0,3,SawyerW
180238,918,4,2,0.0,2000.0,5,Crawfor
182902,1063,3,2,,1960.0,3,OldTown
202325,1644,5,1,0.0,1991.0,4,College
230491,1845,3,2,,1986.0,5,OldTown
205744,1377,2,1,,1987.0,3,OldTown
193901,1356,4,2,0.0,1984.0,5,OldTown
294113,1992,6,2,1.0,1951.0,5,NAmes
242141,1864,3,2,,1980.0,5,SawyerW
193818,776,3,1,1.0,1989.0,6,College
214135,1445,3,2,3.0,1992.0,3,College
252023,1525,6,3,1.0,1974.0,5,College
152450,762,3,2,,,3,NAmes
214929,1682,4,2,1.0,1999.0,3,College
203694,899,4,2,3.0,1986.0,5,OldTown
260092,2180,4,3,1.0,2001.0,2,SawyerW
250896,1635,3,1,1.0,1988.0,5,Crawfor
262300,1563,5,1,0.0,2002.0,6,OldTown
211719,1086,5,1,1.0,1924.0,5,Crawfor
208727,1417,4,1,3.0,1944.0,3,OldTown
124688,350,5,2,1.0,1971.0,4,College
174301,708,2,3,3.0,1986.0,3,Crawfor
212255,1754,3,1,0.0,1918.0,2,Crawfor
150340,350,6,1,0.0,,5,OldTown
273766,2093,4,1,0.0,1987.0,5,SawyerW
169725,350,3,1,3.0,1975.0,4,SawyerW
255991,2030,6,3,1.0,1975.0,3,College
233525,908,6,3,1.0,1942.0,6,NAmes
238704,2045,3,2,0.0,1985.0,3,SawyerW
190581,1592,3,2,0.0,1921.0,4,OldTown
164132,424,4,1,1.0,2010.0,6,College
237833,2374,4,1,2.0,1963.0,1,SawyerW
264187,2509,4,2,0.0,2014.0,2,SawyerW
219205,1454,4,1,2.0,1929.0,5,College
225604,1308,4,2,1.0,1994.0,6,SawyerW
220941,1388,5,2,2.0,1986.0,5,OldTown
156202,817,6,1,1.0,,2,OldTown
287682,2269,5,2,,1946.0,5,OldTown
166569,1120,2,2,1.0,2017.0,1,SawyerW
218779,1464,2,1,,1994.0,4,College
195025,945,6,2,1.0,2024.0,4,NAmes
215284,1062,5,3,1.0,1980.0,5,Crawfor
172648,606,4,1,1.0,1987.0,5,OldTown
239540,2380,3,2,,1994.0,1,College
232344,1392,5,3,1.0,2005.0,3,College
186811,2176,2,3,1.0,,1,College
224627,1509,4,2,0.0,2006.0,5,Crawfor
153751,1014,3,2,1.0,1968.0,1,SawyerW
230739,1271,6,2,3.0,1939.0,3,College
199251,1108,4,1,3.0,2024.0,5,SawyerW
237721,1506,3,3,1.0,1987.0,5,College
253010,1237,5,1,3.0,1997.0,6,SawyerW
172829,1290,4,1,3.0,1969.0,1,OldTown
109799,535,3,1,1.0,2013.0,3,SawyerW
153048,935,3,1,0.0,1988.0,3,College
265404,2658,3,3,1.0,2015.0,3,SawyerW
161380,1030,4,3,0.0,1963.0,1,SawyerW
173932,762,3,2,2.0,1981.0,5,SawyerW
268714,1736,4,2,0.0,1989.0,5,SawyerW
265310,2485,4,1,0.0,1973.0,3,OldTown
134918,482,3,1,3.0,1991.0,3,NAmes
215600,1354,4,2,1.0,2024.0,5,SawyerW
179516,1058,2,2,1.0,,5,SawyerW
129750,350,6,2,0.0,1975.0,2,College
262464,2014,5,2,2.0,1989.0,2,OldTown
204858,1484,2,1,1.0,1954.0,4,Crawfor
253780,1550,5,2,1.0,1947.0,5,NAmes
186291,973,3,2,0.0,2017.0,6,Crawfor
260471,1818,4,1,,2007.0,6,College
226677,1122,3,2,1.0,1938.0,4,NAmes
149571,1400,3,1,1.0,1941.0,1,NAmes
183216,724,2,1,2.0,2006.0,4,College
170929,649,4,2,1.0,2019.0,3,Crawfor
223223,2435,4,2,0.0,2003.0,2,NAmes
176567,1145,2,1,1.0,,5,OldTown
217785,1704,3,1,0.0,2024.0,5,OldTown
248149,1476,4,1,2.0,1983.0,5,College
165650,1191,5,3,1.0,2022.0,1,College
201031,1144,4,2,0.0,2020.0,5,SawyerW
288433,1941,3,1,,1957.0,6,SawyerW
196685,1289,4,2,3.0,,2,NAmes
213146,1394,3,2,,1986.0,4,NAmes
213342,1516,4,1,1.0,1965.0,4,OldTown
275541,2324,4,1,1.0,1960.0,3,College
203441,1976,3,3,1.0,1994.0,1,NAmes
227679,1768,5,1,1.0,1983.0,1,NAmes
181930,1106,5,2,1.0,2009.0,3,OldTown
137794,533,2,2,3.0,1932.0,3,SawyerW
271041,2165,4,3,0.0,1965.0,4,OldTown
272874,2177,2,3,,2017.0,4,College
176526,1402,5,2,1.0,,3,Crawfor
232605,1879,3,2,1.0,1963.0,3,OldTown
219934,2047,3,2,1.0,1970.0,3,NAmes
278001,2082,3,2,3.0,1929.0,6,College
254345,2145,2,2,1.0,1943.0,3,Crawfor
178951,1181,2,2,1.0,2000.0,4,NAmes
252873,2560,4,2,0.0,1987.0,1,OldTown
146692,627,5,1,1.0,,3,SawyerW
243307,2103,4,1,0.0,1977.0,1,NAmes
201630,1846,3,2,1.0,1979.0,1,College
271215,2112,6,1,,1904.0,5,SawyerW
259510,2815,4,2,,1981.0,1,College
250033,2539,6,3,1.0,2024.0,1,OldTown
194874,698,2,1,3.0,2004.0,6,College
158266,350,2,1,1.0,1981.0,6,College
243760,2072,2,3,1.0,2022.0,2,Crawfor
210869,789,5,2,2.0,2010.0,6,OldTown
223902,1491,3,2,0.0,1995.0,5,College
295595,2088,3,2,3.0,1974.0,6,College
129329,350,4,3,0.0,1989.0,3,SawyerW
152650,350,4,1,0.0,2011.0,5,Crawfor
208054,1682,4,2,1.0,1960.0,1,SawyerW
206273,1531,3,2,3.0,2000.0,1,NAmes
164636,1328,3,3,1.0,1999.0,1,OldTown
153226,1527,3,3,,2024.0,1,SawyerW
197709,898,3,1,3.0,2008.0,6,OldTown
140342,441,4,1,,1964.0,3,NAmes
159561,1383,3,2,1.0,2024.0,3,SawyerW
135618,820,4,1,0.0,1986.0,2,OldTown
142946,350,4,1,0.0,1962.0,4,NAmes
196503,1854,4,3,0.0,1995.0,1,College
166380,1457,2,3,0.0,1977.0,2,College
285743,1785,4,1,1.0,2018.0,6,OldTown
216191,807,3,2,1.0,1945.0,6,Crawfor
207109,1039,4,1,1.0,1951.0,6,College
193302,801,6,1,,1977.0,3,NAmes
211049,879,3,3,,2024.0,5,OldTown
164850,1637,2,1,1.0,2015.0,1,SawyerW
209480,952,4,1,1.0,1955.0,3,College
209040,1749,3,1,2.0,1933.0,3,College
255400,1738,3,3,3.0,1975.0,5,SawyerW
308092,2918,4,2,1.0,1947.0,5,NAmes
164165,525,4,2,0.0,,5,Crawfor
221042,2122,2,2,1.0,1990.0,3,OldTown
201679,1437,4,3,0.0,1984.0,3,NAmes
243948,1490,3,2,1.0,1971.0,5,OldTown
130077,485,4,1,1.0,2024.0,2,OldTown
173931,1178,4,1,0.0,,3,College
241829,2020,2,1,1.0,1944.0,2,College
192624,1442,2,3,0.0,2018.0,4,NAmes
226525,1557,4,2,1.0,2024.0,3,SawyerW
234049,1296,5,3,3.0,1973.0,5,College
284072,2308,3,2,1.0,2004.0,5,NAmes
187789,1485,2,2,1.0,2024.0,2,Crawfor
103956,350,3,1,1.0,1960.0,1,SawyerW
159991,1016,3,2,,1979.0,1,SawyerW
122290,350,2,1,3.0,1998.0,3,NAmes
154484,350,6,3,0.0,1921.0,5,College
199254,1129,4,1,3.0,1980.0,3,Crawfor
289300,2433,5,2,0.0,2007.0,5,OldTown
239432,1533,6,1,2.0,1981.0,6,OldTown
174292,679,4,2,0.0,2015.0,6,NAmes
139019,842,3,2,1.0,2007.0,2,OldTown
262818,2291,2,2,1.0,1972.0,4,College
246035,1610,2,2,3.0,2001.0,5,College
219725,1534,3,2,,1998.0,4,OldTown
195926,1463,4,2,1.0,1934.0,3,College
206666,1527,4,1,1.0,1958.0,3,College
230760,2064,2,1,0.0,1960.0,5,OldTown
192020,1887,3,2,2.0,1968.0,3,SawyerW
257610,1651,6,1,3.0,,5,College
122353,770,3,1,2.0,1940.0,2,OldTown
223650,1858,2,1,0.0,1985.0,5,NAmes
176361,1021,3,3,2.0,1928.0,4,College
283764,2266,3,1,1.0,2013.0,5,OldTown
108070,610,4,2,1.0,,1,NAmes
202405,1404,4,1,1.0,2024.0,3,College
224844,1495,2,1,1.0,1994.0,6,OldTown
136680,573,2,3,3.0,1968.0,3,College
252707,2705,3,2,0.0,1940.0,3,College
253329,2522,3,2,1.0,2004.0,1,OldTown
227138,1175,6,1,,1984.0,6,College
259144,2040,3,1,3.0,1995.0,3,OldTown
281104,1765,3,1,1.0,2006.0,6,OldTown
107218,350,4,2,0.0,2020.0,1,SawyerW
245986,1675,3,1,2.0,1982.0,5,OldTown
232717,1457,6,3,0.0,2024.0,5,OldTown
179715,1558,4,1,0.0,1981.0,1,OldTown
119579,746,3,2,0.0,1983.0,1,College
194647,1311,5,1,1.0,2004.0,4,OldTown
221595,1375,5,2,1.0,,2,SawyerW
269918,2332,4,2,1.0,2024.0,6,NAmes
242796,1734,2,2,1.0,,5,NAmes
230646,1496,3,1,3.0,2024.0,4,College
297567,2570,4,2,0.0,1937.0,5,NAmes
130543,1111,3,1,0.0,1966.0,1,NAmes
213624,1227,4,1,0.0,1995.0,6,SawyerW
148531,350,3,1,,2019.0,6,NAmes
258960,2598,3,2,1.0,1953.0,3,College
280847,2175,4,2,2.0,1932.0,5,SawyerW
223251,2142,5,2,1.0,2012.0,1,College
225785,1968,3,2,1.0,,3,SawyerW
256871,1577,5,2,,1952.0,5,SawyerW
203514,1651,6,2,2.0,1974.0,2,OldTown
198217,1324,2,3,1.0,1924.0,3,NAmes
223643,1357,6,1,2.0,2001.0,5,OldTown
248426,1538,3,2,3.0,1968.0,5,College
289865,2558,2,1,1.0,2022.0,5,SawyerW
222419,1889,5,2,2.0,1921.0,1,NAmes
182167,1459,2,2,1.0,,3,OldTown
150019,1094,6,1,,2024.0,1,SawyerW
161763,1056,3,2,1.0,1988.0,3,College
291502,2622,4,1,1.0,1988.0,4,OldTown
249712,1855,3,2,3.0,1927.0,3,College
249197,1547,6,1,0.0,1994.0,5,SawyerW
187691,1258,4,3,1.0,1984.0,3,OldTown
181746,724,6,3,1.0,1966.0,4,NAmes
186654,1453,5,1,0.0,1936.0,4,OldTown
229952,2112,5,2,1.0,1986.0,4,OldTown
160573,1225,6,2,,1953.0,1,College
202584,1341,4,3,1.0,1968.0,4,OldTown
164072,1345,3,2,0.0,1993.0,3,Crawfor
163733,1577,3,2,0.0,1982.0,2,Crawfor
170367,385,4,3,1.0,1983.0,5,Crawfor
156612,1335,3,2,1.0,2011.0,1,OldTown
135302,902,5,2,1.0,1948.0,2,NAmes
276322,2119,4,2,0.0,2024.0,3,College
151322,961,2,1,1.0,1949.0,2,College
260792,1904,6,2,3.0,1955.0,4,SawyerW
315283,2567,6,1,1.0,1987.0,5,OldTown
162130,1280,3,1,1.0,2007.0,2,OldTown
232137,1079,3,1,1.0,1991.0,6,Crawfor
170922,1634,3,2,0.0,1970.0,2,College
215581,1499,5,2,1.0,1962.0,5,NAmes
148446,804,2,1,,1975.0,3,College
236722,1823,3,2,1.0,1954.0,5,OldTown
317486,2911,4,3,0.0,2001.0,3,College
197449,1319,3,2,0.0,,6,OldTown
184490,1358,4,3,0.0,2024.0,3,OldTown
147155,769,6,2,1.0,,1,OldTown
266556,1723,5,1,1.0,1979.0,6,College
171863,627,2,1,0.0,1996.0,5,College
187868,725,3,2,0.0,1949.0,6,College
300265,2396,3,2,2.0,1963.0,3,Crawfor
128784,866,4,2,0.0,2024.0,1,NAmes
264885,2257,4,2,2.0,1983.0,3,SawyerW
285711,2567,4,1,1.0,2024.0,3,OldTown
222108,1682,3,2,1.0,1952.0,4,SawyerW
215819,1887,4,2,1.0,1909.0,2,SawyerW
299397,2867,3,1,0.0,2000.0,5,College
184419,1362,3,2,1.0,1982.0,3,OldTown
159126,1085,3,2,1.0,1992.0,3,OldTown
109108,553,3,2,1.0,1973.0,1,College
185701,1529,4,2,1.0,1965.0,3,College
263428,2535,5,3,1.0,1945.0,1,NAmes
233295,2172,5,1,,2014.0,4,College
166924,841,3,2,1.0,1937.0,1,SawyerW
189904,901,4,1,1.0,2012.0,3,NAmes
176981,1147,2,1,1.0,,2,SawyerW
179031,1705,2,2,0.0,1949.0,1,OldTown
212764,1356,4,2,1.0,1963.0,5,College
267427,1650,4,1,1.0,2012.0,6,Crawfor
195069,1708,3,2,,2005.0,1,OldTown
191622,1291,3,2,0.0,1998.0,3,OldTown
236758,1472,5,1,2.0,1986.0,6,SawyerW
271672,1645,4,3,1.0,1950.0,6,NAmes
209557,1441,5,1,0.0,2023.0,5,NAmes
205328,1852,2,2,2.0,1970.0,1,SawyerW
268078,2810,6,2,0.0,1966.0,3,SawyerW
197950,1914,5,2,0.0,1967.0,1,College
241326,1539,5,1,1.0,1970.0,5,OldTown
129311,350,2,2,,1938.0,3,SawyerW
256261,1772,4,1,2.0,1969.0,6,OldTown
128317,350,4,1,1.0,1958.0,2,NAmes
119568,514,3,2,2.0,1967.0,1,OldTown
278209,2098,6,2,2.0,1930.0,3,OldTown
222283,1994,5,3,1.0,2024.0,4,Crawfor
224424,1395,5,2,3.0,1946.0,3,OldTown
143575,350,5,2,,1992.0,3,SawyerW
162778,1240,3,2,1.0,1992.0,3,OldTown
160462,1025,5,2,1.0,2013.0,3,Crawfor
240334,1946,4,3,3.0,2024.0,1,OldTown
299517,3080,4,2,2.0,1995.0,3,SawyerW
222592,1652,4,3,3.0,2005.0,3,NAmes
154206,954,5,2,0.0,1969.0,1,College
152004,681,4,3,1.0,,3,OldTown
231294,1461,3,2,1.0,1941.0,5,OldTown
173707,1376,4,2,3.0,1976.0,1,OldTown
143260,694,4,1,1.0,1991.0,2,NAmes
268677,1581,3,1,3.0,,6,College
162703,694,4,3,1.0,2008.0,3,NAmes
212530,2278,4,2,,2018.0,2,SawyerW
287289,2244,3,1,0.0,2000.0,6,SawyerW
231432,2259,3,1,0.0,1984.0,2,OldTown
164105,1168,3,1,1.0,,3,OldTown
281423,1860,5,1,0.0,,6,Crawfor
164649,1408,3,2,0.0,1992.0,3,Crawfor
191507,1228,3,1,0.0,2011.0,2,College
217818,1263,4,2,1.0,1979.0,6,NAmes
205074,590,5,2,0.0,1928.0,6,SawyerW
148338,489,3,2,1.0,1965.0,4,College
218967,2056,6,2,1.0,1993.0,2,OldTown
215914,1366,3,1,3.0,2024.0,4,SawyerW
212997,1652,4,3,1.0,2024.0,2,Crawfor
249863,2201,5,3,0.0,2024.0,2,Crawfor
168289,350,4,1,,1962.0,5,College
175613,951,4,2,0.0,2007.0,5,OldTown
218021,1623,3,2,1.0,1982.0,3,College
239034,1774,4,3,1.0,,3,OldTown
203472,1236,4,2,2.0,1981.0,4,Crawfor
271529,2220,6,2,,1942.0,4,College
185977,1647,3,2,3.0,2005.0,1,NAmes
149171,651,3,1,,1994.0,3,OldTown
174269,848,2,2,0.0,2008.0,4,Crawfor
203448,2064,4,1,1.0,,1,College
247289,1825,4,3,,2015.0,5,NAmes
172432,350,2,2,0.0,2018.0,6,SawyerW
266799,2443,2,2,2.0,2024.0,5,NAmes
256268,1919,3,2,,2024.0,5,OldTown
271766,2440,2,2,1.0,1970.0,5,OldTown
201000,1231,6,2,0.0,1907.0,6,College
190571,1293,5,3,1.0,2014.0,2,NAmes
141075,711,2,1,1.0,1955.0,3,Crawfor
347593,3276,5,2,1.0,1976.0,3,SawyerW
233107,1377,5,1,,2017.0,3,SawyerW
304090,2611,5,2,1.0,1992.0,5,OldTown
188526,1047,6,2,,1991.0,2,Crawfor
220223,1615,4,1,2.0,,2,SawyerW
114601,350,4,1,0.0,1926.0,3,SawyerW
219801,1232,5,3,3.0,2024.0,5,NAmes
276969,2189,5,3,,1973.0,3,OldTown
158755,624,4,1,0.0,1974.0,5,SawyerW
233565,2251,4,1,,2001.0,2,SawyerW
211660,1736,4,2,0.0,1980.0,3,NAmes
150672,769,3,3,0.0,1958.0,3,OldTown
170821,1149,3,2,1.0,1979.0,3,SawyerW
194448,1179,4,3,0.0,1971.0,3,Crawfor
215156,1465,5,2,1.0,1963.0,2,SawyerW
190694,1125,3,2,0.0,2024.0,5,OldTown
168915,921,4,1,3.0,1940.0,4,Crawfor
189557,1287,3,2,1.0,1916.0,3,OldTown
157731,781,3,2,1.0,1955.0,5,OldTown
158439,597,3,2,1.0,1954.0,5,NAmes
203338,1466,3,1,1.0,2024.0,2,SawyerW
271478,2118,6,2,2.0,1988.0,1,College
126686,429,3,2,3.0,2008.0,1,NAmes
174918,1502,3,2,1.0,2002.0,2,SawyerW
184730,1045,3,2,1.0,1955.0,3,OldTown
160665,816,3,2,1.0,2008.0,6,OldTown
219121,2097,6,2,,1988.0,1,NAmes
186322,1137,6,1,1.0,2024.0,1,NAmes
275954,2549,3,2,0.0,1989.0,3,OldTown
128071,954,2,3,,1981.0,1,College
209417,1771,2,2,0.0,2005.0,5,SawyerW
225583,1341,6,1,1.0,2006.0,4,College
215140,972,5,3,,1927.0,5,OldTown
219038,1911,5,1,0.0,2020.0,3,College
250263,1392,4,1,3.0,2016.0,6,Crawfor
213535,1922,4,2,1.0,2008.0,2,SawyerW
206323,1467,5,1,2.0,,5,OldTown
167823,740,3,1,0.0,1921.0,4,NAmes
247842,1429,5,3,,1974.0,6,SawyerW
202050,1536,3,2,1.0,2006.0,4,College
238865,2171,4,1,1.0,1997.0,4,College
143155,866,2,2,0.0,1952.0,2,OldTown
181356,1472,5,1,1.0,2011.0,2,College
145226,350,2,2,1.0,1940.0,4,College
229812,1956,4,3,0.0,1942.0,3,College
167082,743,3,3,0.0,1982.0,3,NAmes
134143,350,6,2,1.0,1965.0,3,NAmes
223708,1459,3,3,2.0,1962.0,5,College
246074,2274,2,1,,1937.0,6,Crawfor
98901,433,6,2,0.0,2016.0,1,SawyerW
185906,738,4,2,0.0,1949.0,5,Crawfor
202944,980,4,1,1.0,1995.0,2,NAmes
136589,709,4,2,1.0,2007.0,3,SawyerW
228441,1766,6,2,1.0,1981.0,4,SawyerW
175472,935,2,1,3.0,1990.0,3,NAmes
151460,995,5,1,0.0,2014.0,1,NAmes
219601,1908,4,1,1.0,2024.0,3,NAmes
193466,971,3,2,1.0,2012.0,5,College
240366,1803,6,2,,1940.0,5,College
194025,820,4,2,,1925.0,6,OldTown
190960,652,6,2,0.0,1964.0,5,Crawfor
142810,350,3,1,,1948.0,3,Crawfor
306855,2803,4,2,0.0,2000.0,5,College
198232,1276,2,2,,1986.0,5,College
242025,1671,6,3,2.0,1976.0,3,OldTown
211783,1478,6,2,0.0,2016.0,2,Crawfor
219725,1612,6,1,0.0,2014.0,3,SawyerW
229733,1535,3,2,,1981.0,6,Crawfor
328823,2836,4,2,0.0,1994.0,6,SawyerW
148351,773,3,1,0.0,,2,College
125678,410,5,1,1.0,,3,SawyerW
102699,792,2,2,0.0,,1,NAmes
178053,566,5,1,1.0,1953.0,5,NAmes
212636,2023,4,1,0.0,1984.0,1,College
224438,2074,3,2,0.0,1993.0,1,College
170273,827,4,2,2.0,1980.0,3,Crawfor
121811,527,4,2,,1989.0,2,College
152030,1252,2,2,,2004.0,1,NAmes
222642,2474,2,2,1.0,1996.0,1,College
154323,350,5,1,,1962.0,6,NAmes
198291,1869,4,2,1.0,1965.0,1,OldTown
170547,747,3,2,1.0,1945.0,5,OldTown
264675,2228,4,2,0.0,2024.0,3,OldTown
161365,745,5,2,2.0,1996.0,4,College
225520,1300,4,1,1.0,,6,College
149897,446,4,1,1.0,1979.0,5,Crawfor
200966,816,6,1,3.0,1998.0,3,Crawfor
273701,2470,4,2,1.0,1999.0,3,OldTown
215004,2074,2,1,3.0,1961.0,1,NAmes
236622,1219,4,2,1.0,,6,College
178650,891,3,1,0.0,2019.0,5,NAmes
152401,350,4,3,1.0,1944.0,5,College
213246,1224,2,3,,1954.0,3,NAmes
232459,1478,6,1,3.0,2001.0,3,OldTown
252741,1441,4,2,1.0,1959.0,5,College
223761,1434,5,2,1.0,2006.0,3,College
203297,715,4,2,3.0,1950.0,5,College
189237,1454,2,3,1.0,1991.0,2,College
182848,1473,4,2,2.0,2008.0,2,College
288092,2403,4,2,,1995.0,3,College
306813,2807,3,2,2.0,2007.0,4,College
200644,1404,3,2,0.0,1978.0,3,SawyerW
161818,964,3,2,0.0,1979.0,3,NAmes
152068,1455,2,1,0.0,1983.0,1,Crawfor
140165,1075,4,2,,2001.0,1,SawyerW
221471,980,3,2,2.0,2024.0,6,College
231923,1459,4,1,3.0,1981.0,3,SawyerW
159566,770,3,1,3.0,,3,College
223187,1924,4,2,0.0,1977.0,2,OldTown
240239,1427,6,3,0.0,1950.0,4,College
217773,1675,4,2,1.0,1976.0,4,OldTown
167447,1372,5,2,,1996.0,1,College
171569,991,4,1,2.0,1989.0,4,OldTown
187796,836,5,1,0.0,1988.0,4,College
212469,1334,2,1,1.0,2000.0,5,College
195508,1116,4,1,1.0,2002.0,5,OldTown
185325,1664,3,1,1.0,2012.0,3,College
169985,1497,3,2,0.0,1948.0,1,Crawfor
149756,546,6,2,2.0,1984.0,1,SawyerW
234023,1547,3,1,1.0,,6,OldTown
124956,560,4,3,,1992.0,1,SawyerW
176384,1068,4,2,1.0,1982.0,2,SawyerW
146622,1294,2,3,1.0,1989.0,1,OldTown
122919,350,3,2,0.0,1970.0,3,College
227971,1564,3,2,1.0,1959.0,4,OldTown
230654,1606,3,1,,1977.0,5,College
181856,1389,2,1,0.0,2004.0,4,NAmes
185790,1203,5,1,0.0,2007.0,3,OldTown
212427,1238,4,2,3.0,1934.0,4,OldTown
186964,816,2,2,1.0,1992.0,6,OldTown
181729,1311,6,2,1.0,1993.0,1,SawyerW
165586,1113,3,1,1.0,1940.0,2,OldTown
187305,1564,3,2,0.0,1951.0,3,College
145706,657,4,3,1.0,1968.0,3,NAmes
260330,1665,4,2,3.0,1996.0,5,NAmes
250647,1600,4,1,1.0,1913.0,5,SawyerW
253157,1401,4,1,1.0,1972.0,6,OldTown
192344,1193,4,2,0.0,1968.0,5,College
240866,1887,3,1,,1989.0,2,OldTown
183489,350,5,2,1.0,2024.0,6,College
264952,1822,5,3,2.0,2024.0,5,OldTown
211282,1670,2,2,0.0,1972.0,3,OldTown
224204,1698,2,2,1.0,1972.0,3,Crawfor
259013,1768,3,2,1.0,1991.0,4,NAmes
154027,1042,3,1,1.0,2019.0,3,OldTown
190615,1318,3,1,,2024.0,3,NAmes
261888,1946,5,2,,1994.0,5,OldTown
243500,1801,3,2,1.0,2024.0,5,College
255959,1645,6,1,0.0,1957.0,5,Crawfor
145765,440,5,3,1.0,1949.0,2,Crawfor
196869,1877,6,1,1.0,1904.0,1,College
299997,2319,6,2,3.0,1958.0,5,SawyerW
268826,2207,2,1,3.0,2002.0,4,College
214637,1664,4,2,0.0,2010.0,5,NAmes
147478,410,6,1,0.0,2024.0,3,College
237283,2160,2,1,3.0,2002.0,2,OldTown
207230,1397,3,1,3.0,1989.0,3,OldTown
129755,350,3,1,1.0,1955.0,3,SawyerW
219539,1764,3,1,1.0,,1,SawyerW
137671,455,5,2,0.0,1966.0,3,Crawfor
146728,592,2,2,1.0,1978.0,4,OldTown
241978,1056,6,2,0.0,1964.0,6,NAmes
291980,2391,3,1,2.0,1941.0,6,Crawfor
190861,1240,4,1,3.0,2016.0,3,SawyerW
221259,1690,3,1,0.0,1998.0,6,OldTown
301124,2724,3,1,0.0,2024.0,4,OldTown
324107,2616,6,1,3.0,1935.0,5,OldTown
235336,1428,3,2,0.0,1945.0,6,College
233020,1331,6,1,2.0,1961.0,5,NAmes
147669,617,4,2,,2020.0,3,OldTown
159793,1014,3,2,1.0,1979.0,3,College
258814,1798,6,2,1.0,1991.0,6,OldTown
253972,1777,3,1,0.0,1982.0,6,SawyerW
225410,1577,3,3,,1990.0,3,OldTown
281041,2196,6,1,1.0,1968.0,3,NAmes
132637,959,3,2,1.0,1996.0,1,SawyerW
238782,1461,6,3,2.0,1958.0,5,OldTown
196690,2012,2,3,,1977.0,1,SawyerW
264103,1909,2,2,0.0,1993.0,5,College
253502,2250,2,2,1.0,1987.0,5,College
236587,1778,4,2,1.0,1997.0,3,SawyerW
212339,1283,5,2,,1960.0,3,College
267476,1754,5,2,,1992.0,6,College
199717,798,4,3,1.0,1975.0,5,NAmes
121422,352,4,1,,1996.0,5,NAmes
256268,1906,6,1,3.0,2024.0,4,NAmes
205972,1461,6,2,0.0,1957.0,5,SawyerW
233670,1716,2,2,0.0,2016.0,5,NAmes
171973,350,4,3,1.0,1964.0,6,OldTown
171571,1244,3,1,1.0,1971.0,3,Crawfor
188313,1080,2,1,0.0,2024.0,4,OldTown
189047,895,5,2,1.0,2012.0,4,NAmes
116086,350,4,3,3.0,1999.0,1,NAmes
198758,1266,4,1,0.0,,5,College
210625,2128,4,1,3.0,2019.0,1,NAmes
213687,1767,2,2,,1962.0,3,Crawfor
231190,1079,6,2,3.0,1991.0,3,OldTown
200390,1490,3,1,3.0,1972.0,3,SawyerW
267783,2030,3,2,,1997.0,5,OldTown
142226,350,4,2,0.0,1975.0,5,SawyerW
187861,1413,3,1,2.0,2007.0,1,OldTown
280353,1880,4,2,2.0,1985.0,6,SawyerW
234694,1977,4,2,1.0,1967.0,3,OldTown
273559,2691,4,3,3.0,1983.0,3,College
275643,2295,2,1,3.0,1998.0,5,NAmes
208633,1719,3,3,0.0,2017.0,1,College
255243,1711,6,2,0.0,1979.0,6,Crawfor
296253,2051,6,2,3.0,1974.0,5,College
141960,1122,4,1,0.0,1992.0,1,OldTown
183624,1472,4,2,2.0,,3,Crawfor
236180,2134,3,3,2.0,1968.0,1,OldTown
337435,2870,5,1,1.0,1910.0,6,SawyerW
223803,1389,4,1,1.0,1993.0,6,Crawfor
213932,1466,4,1,0.0,1974.0,5,Crawfor
224958,1639,3,1,1.0,1973.0,4,SawyerW
245461,2440,2,2,0.0,2024.0,3,OldTown
215382,1479,6,1,3.0,1980.0,2,College
288472,2529,3,3,0.0,,5,College
119701,823,4,3,1.0,1942.0,2,College
212535,1370,2,2,3.0,1992.0,4,College
209771,1361,4,1,1.0,2007.0,5,OldTown
256518,2051,3,2,2.0,1991.0,5,OldTown
251168,2232,4,1,0.0,1979.0,3,NAmes
157222,443,3,2,0.0,2001.0,6,OldTown
149511,859,4,2,1.0,1986.0,1,SawyerW
246686,1736,3,2,1.0,2024.0,4,College
209302,1039,4,2,2.0,1991.0,5,SawyerW
140931,434,3,2,,1961.0,6,SawyerW
275560,2227,3,2,1.0,1925.0,6,College
245168,1846,3,2,2.0,1963.0,3,NAmes
217265,1845,4,3,1.0,1976.0,2,SawyerW
181066,1167,5,3,1.0,1948.0,3,NAmes
257145,2220,3,1,,1953.0,3,SawyerW
231711,1332,2,2,3.0,1934.0,5,NAmes
292899,2268,3,2,3.0,1952.0,5,NAmes
176766,862,2,3,2.0,1988.0,3,SawyerW
135584,902,4,3,1.0,1976.0,1,College
234417,1643,5,2,,1979.0,5,College
163988,1008,3,1,1.0,1975.0,3,OldTown
249592,1973,4,2,1.0,1978.0,4,SawyerW
214447,1682,4,1,2.0,2007.0,5,SawyerW
189187,854,4,3,1.0,2024.0,5,NAmes
204614,1551,6,2,0.0,2004.0,4,OldTown
247318,1254,3,3,3.0,2024.0,5,OldTown
305436,2141,4,3,0.0,1982.0,6,SawyerW
218837,1057,4,3,1.0,1984.0,4,SawyerW
207224,1193,6,2,1.0,2024.0,3,OldTown
281113,2348,3,2,0.0,1963.0,6,OldTown
321787,3067,6,1,0.0,1958.0,3,College
321188,2899,6,2,0.0,1981.0,5,College
233655,1544,4,1,0.0,1934.0,5,OldTown
225791,1653,5,2,,1928.0,5,OldTown
292280,2573,4,2,1.0,2020.0,5,OldTown
177952,1413,3,3,0.0,1953.0,1,OldTown
220579,817,5,3,1.0,1971.0,5,OldTown
180172,1582,2,2,1.0,1971.0,1,OldTown
280689,1816,2,3,1.0,1956.0,5,College
232867,920,6,1,0.0,2006.0,5,SawyerW
147472,350,5,2,2.0,2002.0,5,SawyerW
133959,494,3,1,1.0,2009.0,3,SawyerW
215898,1966,6,1,1.0,,2,College
206671,969,4,2,3.0,1987.0,5,OldTown
170889,1401,3,2,2.0,2024.0,1,OldTown
235922,1649,6,2,3.0,2015.0,3,OldTown
275721,1933,6,2,0.0,1967.0,5,Crawfor
231436,1266,5,3,0.0,1986.0,5,NAmes
219297,1849,4,3,2.0,1973.0,1,SawyerW
162798,877,6,2,1.0,2024.0,2,SawyerW
229056,1247,5,1,,,5,SawyerW
186531,783,4,2,1.0,2001.0,5,NAmes
316765,2292,5,3,,1983.0,6,OldTown
240109,1481,5,2,0.0,2002.0,6,NAmes
146583,982,2,3,,1956.0,1,SawyerW
192316,1253,4,1,1.0,1986.0,5,College
228942,1345,6,2,1.0,1983.0,4,College
251558,1990,3,1,0.0,,3,OldTown
149393,383,4,2,3.0,1963.0,3,College
139119,774,4,2,1.0,1998.0,3,Crawfor
206609,1235,4,1,1.0,1950.0,3,NAmes
325615,3273,3,2,1.0,1970.0,4,OldTown
206432,2169,4,2,1.0,,3,OldTown
212475,1422,5,3,2.0,1983.0,3,College
268166,1998,5,3,1.0,1968.0,4,OldTown
301098,2940,5,1,0.0,1954.0,3,OldTown
207559,1336,3,1,1.0,1956.0,3,SawyerW
231331,1244,2,3,1.0,1973.0,6,College
246286,2348,4,2,0.0,1958.0,2,SawyerW
228967,1846,3,1,1.0,1980.0,6,College
227315,1970,4,2,0.0,1946.0,4,Crawfor
182836,1144,3,2,1.0,1985.0,3,SawyerW
326899,2847,5,2,0.0,,5,OldTown
305846,2697,4,2,,1944.0,5,NAmes
203473,1896,4,3,1.0,1981.0,1,College
285912,1979,6,1,1.0,2019.0,6,College
107715,350,4,3,1.0,1990.0,3,College
218936,1946,6,3,1.0,2011.0,3,College
203060,1364,3,2,3.0,1921.0,3,College
266291,1804,6,3,1.0,1969.0,5,College
221250,1978,3,2,0.0,2024.0,3,OldTown
189235,1261,5,3,1.0,1968.0,5,Crawfor
148902,350,2,2,1.0,1996.0,5,OldTown
242830,1758,4,1,2.0,1926.0,6,College
223783,981,6,1,3.0,2016.0,5,College
156788,1269,3,2,0.0,2024.0,1,OldTown
153231,1077,3,3,0.0,1982.0,1,OldTown
227291,1261,3,2,0.0,1994.0,6,College
128747,350,2,2,3.0,1996.0,3,SawyerW
312465,2352,2,3,2.0,2024.0,6,College
217799,1677,3,1,1.0,1971.0,2,College
252273,2278,5,1,1.0,1934.0,2,SawyerW
316640,2886,3,3,1.0,2024.0,3,SawyerW
221542,1516,3,1,2.0,1949.0,5,College
120667,350,3,1,,2001.0,2,OldTown
132643,874,2,2,0.0,1914.0,1,SawyerW
142256,655,3,1,1.0,1971.0,4,College
181822,1149,3,1,0.0,1990.0,4,NAmes
218575,1556,4,3,3.0,1951.0,3,OldTown
152871,350,3,1,,1968.0,5,College
218193,1740,4,2,2.0,2002.0,2,College
178869,443,5,1,1.0,1963.0,5,OldTown
174640,1708,2,1,0.0,1999.0,1,NAmes
214196,1423,2,2,0.0,2024.0,5,OldTown
203257,1280,3,2,1.0,1923.0,6,NAmes
195589,1449,3,2,0.0,1994.0,3,NAmes
194401,1122,2,1,,2002.0,3,Crawfor
181490,1071,6,2,2.0,1974.0,1,OldTown
146128,350,2,1,0.0,2024.0,5,OldTown
220161,1479,5,2,0.0,2024.0,5,OldTown
280824,2792,2,2,3.0,1999.0,3,College
268549,2886,4,1,1.0,,1,Crawfor
237599,2425,3,2,0.0,1982.0,3,SawyerW
218618,1994,4,3,2.0,1950.0,2,OldTown
220547,1026,4,2,2.0,1998.0,5,OldTown
246851,2510,3,3,1.0,1969.0,2,SawyerW
249951,1461,2,1,0.0,1966.0,6,SawyerW
224472,1452,6,3,2.0,2017.0,5,OldTown
224968,1296,5,1,1.0,1977.0,5,SawyerW
210111,1564,5,2,3.0,2012.0,3,OldTown
174620,1195,4,1,3.0,,1,College
212066,1441,4,2,1.0,1970.0,5,OldTown
186586,741,5,2,3.0,1984.0,4,Crawfor
216507,1238,3,1,3.0,2024.0,5,College
277888,3096,4,3,0.0,,1,SawyerW
235266,1451,3,3,1.0,2007.0,5,OldTown
200887,1333,4,2,2.0,1963.0,1,College
236768,1873,3,2,0.0,1988.0,5,SawyerW
258188,1996,3,3,2.0,2008.0,3,SawyerW
183908,720,3,2,0.0,1956.0,6,Crawfor
206956,1355,4,3,2.0,1962.0,3,OldTown
273688,2143,2,2,1.0,2002.0,3,OldTown
227358,1689,5,2,,1949.0,5,College
192763,1585,3,2,0.0,,3,College
259136,2588,6,2,1.0,1993.0,3,NAmes
201831,1026,4,2,2.0,1980.0,5,College
199687,1558,2,2,1.0,2007.0,3,College
248285,1136,3,2,,1997.0,4,College
286283,2543,4,2,0.0,1989.0,4,SawyerW
173253,350,3,2,0.0,1938.0,5,College
210127,1031,3,2,0.0,1939.0,5,OldTown
208705,1130,3,2,3.0,1992.0,5,SawyerW
251137,1964,5,1,2.0,1936.0,3,OldTown
255712,1924,3,2,1.0,1985.0,3,NAmes
305382,2477,3,2,,1973.0,6,OldTown
111311,398,4,1,1.0,1957.0,1,College
276943,2025,5,2,1.0,1975.0,5,College
193127,1295,4,3,0.0,,5,Crawfor
198968,1034,5,2,0.0,1977.0,6,College
260376,1878,3,3,1.0,2020.0,5,College
202064,856,3,1,,1945.0,5,College
134919,350,5,2,3.0,1996.0,3,OldTown
213670,1241,5,2,1.0,1993.0,5,College
109844,452,4,1,1.0,2024.0,1,Crawfor
185041,1046,4,3,2.0,1954.0,3,Crawfor
207026,1760,4,1,1.0,,1,College
222590,1718,3,3,1.0,1960.0,3,Crawfor
273480,2611,4,3,1.0,1955.0,2,OldTown
209193,1360,3,2,1.0,1933.0,6,SawyerW
129380,427,5,3,1.0,1985.0,3,OldTown
195682,971,4,2,0.0,1956.0,5,College
130264,856,5,1,1.0,2006.0,2,College
163393,648,5,3,1.0,1995.0,3,College
191274,1805,5,2,0.0,1952.0,1,Crawfor
191854,1048,3,2,,1972.0,5,College
120666,350,4,1,0.0,2024.0,2,OldTown
250926,1988,5,2,0.0,1973.0,5,OldTown
187442,1422,5,2,0.0,1989.0,3,SawyerW
199962,1750,6,1,,,1,OldTown
190933,1574,3,2,2.0,1971.0,1,OldTown
292380,1942,4,3,1.0,1996.0,4,OldTown
159454,1527,4,2,0.0,2024.0,2,Crawfor
231705,2365,3,1,1.0,2017.0,1,College
212985,1797,3,2,0.0,1931.0,3,OldTown
233244,1774,4,2,0.0,2024.0,3,SawyerW
243868,1787,3,3,1.0,1977.0,5,College
140167,480,4,2,1.0,1966.0,6,SawyerW
231962,1385,2,1,1.0,1965.0,5,Crawfor
175179,1318,3,2,,2021.0,3,SawyerW
223753,1645,3,2,3.0,1994.0,3,College
101503,549,5,1,1.0,1980.0,1,Crawfor
239235,2644,2,2,0.0,1960.0,2,College
203041,1573,3,1,2.0,2003.0,3,College
155336,652,4,1,0.0,2019.0,3,NAmes
184479,350,4,3,3.0,1954.0,5,Crawfor
207462,1303,5,2,0.0,1951.0,5,SawyerW
242560,1437,6,2,,1973.0,5,College
172926,997,5,2,1.0,2002.0,3,College
212512,1564,3,3,3.0,1972.0,2,OldTown
187777,1051,2,3,1.0,1981.0,4,OldTown
263479,1886,2,2,0.0,1959.0,6,NAmes
189001,993,4,2,1.0,2021.0,5,College
215909,1473,2,1,1.0,1981.0,5,NAmes
279408,2185,5,1,1.0,1989.0,5,SawyerW
346975,3300,4,3,0.0,2017.0,5,SawyerW
161887,795,2,1,1.0,1978.0,5,NAmes
200133,1175,5,1,3.0,1983.0,1,College
137524,912,3,3,1.0,1996.0,1,SawyerW
252575,2049,6,1,,1972.0,3,College
147897,696,3,2,0.0,2024.0,3,College
235760,1161,4,1,1.0,1986.0,6,NAmes
149196,1479,4,2,1.0,1971.0,1,OldTown
203624,815,3,1,0.0,1975.0,5,Crawfor
180349,830,3,2,3.0,1952.0,4,Crawfor
137585,1167,2,1,0.0,2020.0,2,NAmes
158252,350,4,2,3.0,2024.0,4,College
180447,488,6,3,0.0,1977.0,3,College
191818,1211,3,2,1.0,,3,College
187961,1604,3,1,3.0,1920.0,2,College
179717,1370,4,2,3.0,1966.0,1,OldTown
204718,350,6,1,3.0,2010.0,6,NAmes
155538,1175,4,1,0.0,1960.0,3,NAmes
278702,2059,6,2,2.0,2009.0,5,College
215963,1889,4,2,1.0,2024.0,2,NAmes
272272,1445,5,1,1.0,1906.0,6,College
142829,879,3,1,1.0,1974.0,2,NAmes
282852,1942,4,3,1.0,1963.0,5,Crawfor
167112,1095,4,1,1.0,1967.0,3,SawyerW
119875,682,3,2,0.0,1930.0,2,Crawfor
231516,938,5,2,2.0,1975.0,6,SawyerW
262726,2514,3,1,,1947.0,2,SawyerW
195309,1654,5,2,1.0,2015.0,3,College
263325,2311,4,2,,2024.0,2,OldTown
201314,1164,2,1,0.0,1941.0,5,OldTown
272080,2157,2,3,1.0,1940.0,6,NAmes
187453,1079,6,1,,1969.0,3,OldTown
197886,1390,4,2,2.0,1977.0,2,SawyerW
303421,3240,4,1,0.0,1979.0,3,OldTown
243224,2037,5,2,0.0,2005.0,4,NAmes
170229,1149,3,2,3.0,1938.0,2,Crawfor
195123,1441,3,2,1.0,1964.0,3,SawyerW
184065,1728,4,2,0.0,1969.0,2,OldTown
291465,2347,4,2,2.0,1973.0,5,SawyerW
182996,1158,4,1,1.0,1953.0,5,College
111384,350,3,2,,1969.0,2,NAmes
187032,1304,4,2,0.0,1962.0,3,OldTown
215786,1511,3,3,1.0,2019.0,5,College
220696,1577,3,2,1.0,1969.0,3,Crawfor
283267,2422,3,3,,1918.0,2,NAmes
269656,1722,3,1,1.0,2000.0,6,Crawfor
223647,2069,4,2,1.0,1988.0,3,College
201872,729,3,2,0.0,1957.0,6,SawyerW
249250,2108,3,3,1.0,1955.0,3,Crawfor
296095,2967,5,1,0.0,1965.0,3,SawyerW
233301,2041,4,2,,2024.0,3,OldTown
214936,1677,4,1,1.0,1969.0,3,OldTown
274184,1608,4,3,3.0,2020.0,5,OldTown
309918,2751,2,3,2.0,2009.0,4,OldTown
176144,851,3,3,0.0,,5,OldTown
170466,1422,4,1,0.0,1993.0,2,College
253738,1822,3,2,3.0,1960.0,5,SawyerW
245578,2021,3,2,1.0,1904.0,3,NAmes
254882,1194,5,2,1.0,1961.0,6,College
191229,1715,2,2,0.0,1962.0,3,OldTown
208315,1305,6,2,,2011.0,4,Crawfor
232739,1584,6,2,0.0,2003.0,5,Crawfor
177772,1408,4,2,1.0,2016.0,2,Crawfor
129469,701,3,1,1.0,2000.0,1,OldTown
234231,1485,3,2,1.0,2017.0,5,SawyerW
265305,2114,4,3,1.0,2004.0,6,SawyerW
151077,823,4,3,1.0,1990.0,3,College
206292,1331,3,1,3.0,,2,OldTown
268455,1965,4,1,2.0,2024.0,5,Crawfor
152069,751,2,2,0.0,2024.0,3,College
206339,1628,6,1,0.0,1970.0,3,OldTown
140594,758,6,3,1.0,1982.0,1,College
237435,2294,3,2,1.0,1953.0,1,SawyerW
358326,3119,6,3,2.0,1953.0,6,OldTown
256496,2916,5,2,,1994.0,1,NAmes
220517,1347,3,3,1.0,1964.0,5,OldTown
286123,2018,3,2,3.0,2024.0,5,College
169171,1585,3,2,1.0,1916.0,1,College
265846,1571,4,1,2.0,,6,OldTown
289841,2583,3,2,0.0,1990.0,4,NAmes
128636,577,5,1,0.0,2019.0,3,College
248612,2239,3,3,0.0,1973.0,3,NAmes
196637,1466,6,1,1.0,2024.0,2,NAmes
282992,2486,4,1,,2007.0,4,College
251409,1631,3,2,0.0,1962.0,6,OldTown
176525,1029,5,3,3.0,1982.0,3,College
195569,1694,3,2,1.0,1999.0,3,OldTown
286268,2015,5,1,0.0,,6,NAmes
194796,1525,4,1,1.0,2015.0,2,OldTown
217392,1842,4,2,0.0,1975.0,2,SawyerW
164713,1135,2,1,3.0,,1,OldTown
173489,350,2,1,2.0,2009.0,5,College
254014,2130,4,2,3.0,1970.0,4,OldTown
247482,1989,3,1,,2014.0,3,NAmes
163573,1604,2,2,0.0,1927.0,1,SawyerW
241408,1548,4,1,1.0,2002.0,5,SawyerW
266551,2225,6,1,1.0,1924.0,2,OldTown
169160,1180,4,3,,2017.0,3,College
146824,1005,3,2,0.0,1966.0,1,NAmes
192794,1368,3,1,0.0,2020.0,4,SawyerW
277281,2332,4,1,3.0,2024.0,4,NAmes
166008,529,4,3,,1979.0,4,College
267108,2334,4,3,0.0,1964.0,5,OldTown
182102,1053,5,1,0.0,2022.0,5,Crawfor
198164,729,2,3,3.0,1948.0,5,College
241363,2382,2,1,1.0,2008.0,1,OldTown
222657,1432,6,1,1.0,1980.0,5,SawyerW
100736,590,3,1,2.0,,1,OldTown
247025,1249,5,2,0.0,1966.0,5,NAmes
301159,2152,3,3,1.0,2024.0,6,SawyerW
292062,2334,5,3,0.0,1935.0,5,College
188780,1201,6,1,3.0,1967.0,3,College
218839,1784,6,2,2.0,1997.0,2,College
236576,2000,3,3,0.0,2015.0,3,OldTown
166922,1049,4,3,1.0,2024.0,3,OldTown
223401,1749,2,1,1.0,2024.0,2,College
194065,1478,3,1,0.0,1968.0,3,OldTown
211921,1125,3,3,1.0,1994.0,5,OldTown
173348,1156,2,2,3.0,2018.0,3,College
232594,1547,4,2,1.0,2000.0,6,SawyerW
222669,1521,3,2,0.0,1937.0,6,College
183852,1104,3,1,2.0,,3,OldTown
223178,1202,4,3,1.0,2002.0,6,NAmes
251368,2279,5,2,0.0,1943.0,3,NAmes
241384,1650,6,2,1.0,1970.0,4,SawyerW
243095,2120,3,1,1.0,1983.0,3,SawyerW
308125,2341,5,1,1.0,,5,College
212869,1912,4,2,2.0,2024.0,1,NAmes
299331,3090,5,2,1.0,2019.0,3,SawyerW
131765,922,3,1,,1998.0,1,OldTown
267914,2066,4,1,2.0,,3,SawyerW
168329,1277,6,2,,1973.0,1,SawyerW
304150,2799,4,2,1.0,1967.0,4,SawyerW
275075,2690,3,2,1.0,1977.0,3,College
133725,350,2,3,1.0,1977.0,3,NAmes
203204,822,5,1,1.0,2014.0,6,SawyerW
237741,1965,2,1,1.0,2024.0,5,SawyerW
228062,2053,5,1,1.0,2000.0,2,OldTown
251912,2016,4,3,0.0,2013.0,3,OldTown
231443,1450,3,3,,2004.0,4,Crawfor
231327,1819,3,2,2.0,1992.0,2,College
225946,1957,2,1,1.0,2021.0,2,SawyerW
215039,1445,3,1,1.0,2017.0,5,OldTown
232870,2219,4,1,3.0,,1,SawyerW
162464,350,3,1,1.0,1981.0,5,SawyerW
239039,1944,4,1,1.0,2004.0,5,NAmes
167597,776,4,1,3.0,1969.0,3,Crawfor
223227,2171,4,2,,1991.0,2,College
187000,1340,3,2,1.0,2015.0,3,College
148148,878,5,2,1.0,1983.0,2,OldTown
198243,1762,5,2,1.0,1928.0,2,College
192083,862,4,2,,2004.0,5,College
190127,861,3,3,1.0,,6,Crawfor
108776,403,4,1,0.0,1943.0,2,College
237491,1481,3,3,,1939.0,6,SawyerW
197258,1848,4,1,0.0,2009.0,2,SawyerW
299021,2216,2,1,1.0,1924.0,6,OldTown
223277,1401,4,2,0.0,1981.0,6,OldTown
231587,2234,2,2,2.0,1992.0,1,College
163074,1513,3,1,0.0,1991.0,2,OldTown
204290,1435,4,1,1.0,1966.0,4,OldTown
244839,1901,3,1,,1982.0,5,NAmes
236644,2241,2,2,0.0,1989.0,3,SawyerW
178866,1261,3,2,1.0,1945.0,3,OldTown
226533,1329,6,1,1.0,2006.0,5,OldTown
227163,1387,3,1,1.0,2015.0,4,NAmes
222826,1558,6,2,0.0,1960.0,4,College
159994,870,3,2,,1963.0,3,College
276038,2220,2,2,1.0,1951.0,6,SawyerW
226661,1220,5,1,1.0,2016.0,3,SawyerW
252326,1824,2,1,,,3,Crawfor
196164,922,2,1,0.0,1970.0,6,OldTown
233720,1751,4,2,1.0,1931.0,3,NAmes
258378,1774,3,2,3.0,2021.0,6,College
182128,1206,4,1,1.0,1977.0,3,OldTown
280573,2915,4,1,0.0,1992.0,2,College
267665,1760,4,2,2.0,2024.0,6,OldTown
298762,2744,3,3,1.0,2005.0,5,OldTown
231685,2171,3,1,1.0,1950.0,3,OldTown
168483,1036,3,2,1.0,1998.0,2,SawyerW
182737,1232,5,1,1.0,,2,SawyerW
185845,1805,3,2,0.0,1958.0,3,OldTown
227171,1543,5,2,3.0,1954.0,3,College
209994,1535,4,2,2.0,1954.0,1,NAmes
185012,1300,5,1,1.0,2008.0,3,College
159817,350,4,2,1.0,1986.0,5,College
151369,1342,4,2,1.0,1953.0,1,Crawfor
173035,350,6,1,,,5,College
243548,1760,4,2,1.0,2006.0,6,College
177582,992,5,2,0.0,1959.0,5,SawyerW
185820,999,5,2,3.0,1937.0,3,OldTown
253431,1346,4,3,0.0,2019.0,5,College
234456,1691,4,2,1.0,2024.0,5,NAmes
119811,498,4,1,1.0,2024.0,3,SawyerW
141581,350,4,1,0.0,2014.0,4,NAmes
136404,754,3,1,0.0,1988.0,2,College
180681,350,4,2,1.0,1966.0,5,College
110389,823,3,2,0.0,1988.0,1,OldTown
279979,2614,4,2,1.0,2005.0,5,OldTown
158828,760,6,1,1.0,1979.0,3,OldTown
204749,1956,3,1,0.0,2013.0,1,OldTown
174387,540,2,1,1.0,,6,OldTown
281109,1709,4,1,3.0,2003.0,6,College
169024,1276,3,1,2.0,1904.0,3,College
158688,1458,4,1,0.0,,1,NAmes
242988,1898,4,2,1.0,2009.0,4,NAmes
315803,2729,6,1,1.0,2014.0,4,College
268405,1636,4,3,2.0,1997.0,6,SawyerW
189004,1587,2,1,0.0,2024.0,3,College
183243,819,3,3,3.0,2006.0,5,College
222068,1908,3,3,1.0,2006.0,1,College
247818,1328,6,2,2.0,1957.0,5,SawyerW
283309,2082,6,1,2.0,,2,Crawfor
210446,1469,3,2,,2008.0,4,NAmes
348138,2719,6,2,0.0,2024.0,6,OldTown
106013,350,4,3,1.0,2019.0,2,SawyerW
214063,1292,3,1,1.0,1986.0,6,OldTown
247204,2117,2,2,0.0,1990.0,5,SawyerW
177780,1255,6,3,0.0,1950.0,2,NAmes
163629,945,6,3,0.0,2003.0,3,SawyerW
172966,1314,5,2,2.0,1952.0,1,OldTown
153465,534,2,2,0.0,1976.0,5,College
223850,1583,4,2,2.0,,4,OldTown
305799,3208,3,2,,2024.0,2,SawyerW
293923,2302,4,2,3.0,2023.0,5,SawyerW
194572,724,6,2,0.0,1962.0,6,SawyerW
174480,889,4,3,,1942.0,1,College
179772,1217,6,1,0.0,1978.0,2,SawyerW
284531,2203,3,3,0.0,,6,OldTown
197897,925,6,1,1.0,1996.0,5,Crawfor
175072,1017,6,1,0.0,1995.0,3,Crawfor
286241,2119,5,1,,2004.0,6,OldTown
266612,2105,6,2,1.0,1955.0,5,SawyerW
188378,1238,3,3,0.0,1974.0,2,SawyerW
189797,718,3,1,0.0,1991.0,5,OldTown
173000,415,2,3,,1994.0,5,OldTown
192529,1011,5,1,1.0,1967.0,5,OldTown
126901,350,4,2,0.0,1974.0,5,SawyerW
218755,2025,3,2,,2009.0,2,OldTown
181153,1059,2,1,1.0,1933.0,4,College
264629,1837,3,3,1.0,1976.0,5,NAmes
287889,2808,6,1,0.0,1984.0,3,OldTown
250473,2321,2,1,0.0,1940.0,4,SawyerW
169035,694,2,2,1.0,1953.0,3,College
238768,2108,3,2,,1987.0,4,College
253404,2310,3,2,0.0,1968.0,2,College
152402,978,3,2,0.0,2016.0,1,College
136645,833,3,1,1.0,2003.0,3,NAmes
236161,1423,4,2,2.0,2024.0,5,SawyerW
150510,379,2,1,3.0,1947.0,5,College
280043,2530,6,2,1.0,2024.0,4,OldTown
129123,350,4,2,1.0,1964.0,5,College
111678,725,3,2,,2009.0,2,Crawfor
216889,1311,2,2,1.0,2013.0,5,NAmes
181024,1341,3,2,0.0,1990.0,3,OldTown
223135,1616,6,1,,1976.0,3,College
175794,1690,3,2,1.0,1966.0,1,College
183133,1350,4,1,0.0,1931.0,3,College
241300,2296,3,1,,1973.0,3,OldTown
120112,350,3,1,0.0,1958.0,5,OldTown
178627,1500,3,2,3.0,,2,College
227020,1000,5,2,2.0,1963.0,6,SawyerW
189759,1593,3,1,0.0,,2,SawyerW
195398,1655,5,2,1.0,1998.0,2,SawyerW
208085,862,6,2,1.0,1987.0,6,SawyerW
183636,1051,3,2,,1986.0,3,OldTown
262536,2055,3,1,,1978.0,3,OldTown
217401,1744,5,3,1.0,1972.0,3,College
208675,1024,6,3,1.0,1999.0,4,College
381006,2928,6,2,2.0,2006.0,6,College
331602,3116,2,1,0.0,1962.0,6,College
128583,476,4,1,0.0,2024.0,1,College
192792,1711,2,2,2.0,2003.0,4,OldTown
374516,3256,3,2,1.0,1937.0,6,NAmes
212079,2049,3,3,0.0,2024.0,1,Crawfor
225040,1655,6,3,1.0,2005.0,5,SawyerW
207055,1354,5,2,,1963.0,3,College
215364,1121,6,3,,,3,College
203658,1351,5,1,1.0,1906.0,2,Crawfor
210136,1114,3,1,0.0,2024.0,5,SawyerW
233017,2021,6,1,3.0,1941.0,1,SawyerW
166450,1221,2,1,,1937.0,3,SawyerW
170212,1191,3,2,2.0,1957.0,2,Crawfor
183853,658,6,2,1.0,1991.0,5,SawyerW
193275,1465,2,1,0.0,1973.0,3,OldTown
162803,874,4,3,1.0,2011.0,3,College
198053,1373,6,1,0.0,1960.0,3,Crawfor
293359,2229,3,2,0.0,2018.0,6,OldTown
240495,1756,4,2,3.0,1992.0,3,OldTown
263766,1853,4,2,1.0,1954.0,3,OldTown
276496,1749,4,3,0.0,2017.0,5,OldTown
209368,1541,3,1,1.0,1995.0,5,OldTown
208918,1411,2,2,1.0,1979.0,5,NAmes
203297,1285,6,3,,2024.0,4,SawyerW
252468,2031,2,2,1.0,1949.0,6,SawyerW
152263,741,3,1,0.0,,3,SawyerW
265962,2439,2,1,1.0,2024.0,5,College
225202,1524,3,2,1.0,1985.0,6,NAmes
183523,976,4,1,0.0,2007.0,5,OldTown
176591,1158,2,2,1.0,2004.0,2,College
203029,1026,3,2,1.0,1982.0,6,College
241091,1612,3,2,1.0,2005.0,6,SawyerW
204422,998,3,1,1.0,1955.0,5,NAmes
309977,2299,6,2,1.0,2005.0,6,SawyerW
171714,953,3,3,0.0,,3,SawyerW
178273,350,3,2,3.0,1985.0,5,College
150894,988,5,2,1.0,1958.0,2,SawyerW
137984,350,4,1,,2000.0,4,NAmes
201910,1472,4,2,2.0,1999.0,3,College
305877,2241,6,3,3.0,2019.0,4,NAmes
271053,1953,3,1,,1967.0,5,College
152814,564,2,2,0.0,1956.0,6,College
170092,966,6,2,0.0,1920.0,1,SawyerW
257271,2745,3,1,0.0,,3,OldTown
261297,1723,3,1,0.0,1977.0,6,OldTown
228771,1503,5,1,0.0,1990.0,5,OldTown
250764,2239,4,1,3.0,1972.0,3,College
318172,3217,2,2,1.0,1985.0,5,SawyerW
269566,2408,6,2,1.0,1940.0,3,SawyerW
260549,1598,6,3,3.0,1956.0,5,OldTown
228721,1748,2,2,3.0,2009.0,4,College
253440,1932,5,2,,2005.0,3,OldTown
164025,1071,3,3,0.0,1943.0,4,SawyerW
190780,759,3,2,3.0,1975.0,5,College
213456,1537,5,2,1.0,1991.0,3,College
112351,837,4,2,1.0,1948.0,1,OldTown
196827,1457,4,2,1.0,,2,Crawfor
166291,1567,4,3,0.0,1992.0,1,College
296718,3139,3,2,1.0,1998.0,5,Crawfor
135274,904,4,2,1.0,2024.0,1,College
176138,1415,3,2,0.0,1958.0,2,OldTown
244927,1385,3,2,3.0,2020.0,5,SawyerW
225773,1806,4,2,0.0,2001.0,4,Crawfor
269932,2233,3,3,0.0,2006.0,3,OldTown
201477,1157,2,3,,1962.0,3,NAmes
223820,925,3,2,2.0,1986.0,6,SawyerW
156445,352,6,1,,1984.0,3,Crawfor
136085,852,3,2,0.0,2024.0,1,Crawfor
239733,1876,3,1,1.0,1987.0,5,College
205204,1532,3,1,,2024.0,2,Crawfor
199647,789,2,1,1.0,1975.0,6,OldTown
225618,1239,6,2,1.0,1973.0,5,College
228861,1522,4,2,3.0,1985.0,4,College
226795,1853,6,2,3.0,1923.0,3,OldTown
218041,1085,5,2,,1968.0,5,College
200353,1325,3,3,3.0,1966.0,2,NAmes
91557,350,4,1,0.0,1980.0,2,OldTown
170632,694,4,1,0.0,1990.0,5,College
295336,2632,5,2,1.0,1955.0,3,College
115184,350,4,1,1.0,1951.0,2,OldTown
209765,1264,2,1,0.0,2023.0,5,SawyerW
254178,1653,3,2,0.0,1952.0,6,College
188176,1238,3,2,1.0,1969.0,5,SawyerW
161821,934,3,2,1.0,1955.0,3,SawyerW
231936,1457,4,1,1.0,,5,SawyerW
242880,1497,6,1,0.0,2021.0,5,Crawfor
241672,1443,3,3,0.0,2019.0,5,Crawfor
99918,350,3,2,1.0,1929.0,3,College
221859,1397,3,1,2.0,1976.0,5,College
211230,901,4,1,1.0,2024.0,6,OldTown
176740,1117,5,1,1.0,1974.0,1,NAmes
247849,1659,6,3,0.0,1995.0,3,NAmes
254863,1949,4,1,3.0,2024.0,5,NAmes
274332,2128,3,2,,2024.0,6,NAmes
174358,1153,3,3,2.0,2024.0,3,SawyerW
273699,2147,5,1,3.0,1976.0,3,NAmes
266347,2322,2,3,0.0,1985.0,6,SawyerW
262292,2296,2,2,0.0,1991.0,3,SawyerW
242647,2473,2,1,,1975.0,1,NAmes
244133,1398,5,1,3.0,1966.0,5,SawyerW
150465,1378,5,3,1.0,2024.0,1,NAmes
250550,2078,5,2,1.0,1993.0,4,Crawfor
